{"cameraMode":{"drawMode":0,"name":"Shaded","section":"Shading Mode"},"sceneLighting":true,"audioPlay":false,"sceneViewState":{"m_AlwaysRefresh":false,"showFog":true,"showSkybox":true,"showFlares":true,"showImageEffects":true,"showParticleSystems":true,"showVisualEffectGraphs":true,"m_FxEnabled":true},"in2DMode":false,"pivot":{"x":60.751197814941409,"y":-342.64349365234377,"z":221.6637725830078},"rotation":{"x":-0.4509372413158417,"y":0.026258202269673349,"z":-0.01324472390115261,"w":-0.8921605348587036},"size":269.6242980957031,"orthographic":false}