{"cameraMode":{"drawMode":0,"name":"Shaded","section":"Shading Mode"},"sceneLighting":true,"audioPlay":false,"sceneViewState":{"m_AlwaysRefresh":false,"showFog":true,"showSkybox":true,"showFlares":true,"showImageEffects":true,"showParticleSystems":true,"showVisualEffectGraphs":true,"m_FxEnabled":true},"in2DMode":false,"pivot":{"x":-26.282026290893556,"y":-2.687305450439453,"z":-51.18800735473633},"rotation":{"x":-0.19084389507770539,"y":-0.007963218726217747,"z":0.001511840266175568,"w":-0.9817733764648438},"size":0.7631062269210815,"orthographic":false}