{"cameraMode":{"drawMode":0,"name":"Shaded","section":"Shading Mode"},"sceneLighting":true,"audioPlay":false,"sceneViewState":{"m_AlwaysRefresh":false,"showFog":true,"showSkybox":true,"showFlares":true,"showImageEffects":true,"showParticleSystems":true,"showVisualEffectGraphs":true,"m_FxEnabled":true},"in2DMode":false,"pivot":{"x":43.179832458496097,"y":-97.57722473144531,"z":17.40557861328125},"rotation":{"x":0.49212646484375,"y":-0.006527827586978674,"z":0.0036993511021137239,"w":0.8706026673316956},"size":148.20362854003907,"orthographic":false}