{"cameraMode":{"drawMode":0,"name":"Shaded","section":"Shading Mode"},"sceneLighting":true,"audioPlay":false,"sceneViewState":{"m_AlwaysRefresh":false,"showFog":true,"showSkybox":true,"showFlares":true,"showImageEffects":true,"showParticleSystems":true,"showVisualEffectGraphs":true,"m_FxEnabled":true},"in2DMode":false,"pivot":{"x":-0.6242216229438782,"y":1.1646021604537964,"z":-0.22305798530578614},"rotation":{"x":-0.0006091828690841794,"y":0.9994220733642578,"z":-0.019800174981355668,"w":-0.029690653085708619},"size":7.414341449737549,"orthographic":false}