{"cameraMode":{"drawMode":0,"name":"Shaded","section":"Shading Mode"},"sceneLighting":true,"audioPlay":false,"sceneViewState":{"m_AlwaysRefresh":false,"showFog":true,"showSkybox":true,"showFlares":true,"showImageEffects":true,"showParticleSystems":true,"showVisualEffectGraphs":true,"m_FxEnabled":true},"in2DMode":false,"pivot":{"x":490.6619873046875,"y":319.1239929199219,"z":2.160614013671875},"rotation":{"x":-0.06327454000711441,"y":-0.006885041948407888,"z":0.0005329378764145076,"w":-0.9981149435043335},"size":368.68243408203127,"orthographic":false}