{"cameraMode":{"drawMode":0,"name":"Shaded","section":"Shading Mode"},"sceneLighting":true,"audioPlay":false,"sceneViewState":{"m_AlwaysRefresh":false,"showFog":true,"showSkybox":true,"showFlares":true,"showImageEffects":true,"showParticleSystems":true,"showVisualEffectGraphs":true,"m_FxEnabled":true},"in2DMode":false,"pivot":{"x":526.6397094726563,"y":309.23736572265627,"z":26.357635498046876},"rotation":{"x":-0.15840783715248109,"y":-0.05417577177286148,"z":0.008768558502197266,"w":-0.9859336614608765},"size":284.691650390625,"orthographic":false}