{"cameraMode":{"drawMode":0,"name":"Shaded","section":"Shading Mode"},"sceneLighting":true,"audioPlay":false,"sceneViewState":{"m_AlwaysRefresh":false,"showFog":true,"showSkybox":true,"showFlares":true,"showImageEffects":true,"showParticleSystems":true,"showVisualEffectGraphs":true,"m_FxEnabled":true},"in2DMode":false,"pivot":{"x":480.4573974609375,"y":305.5413513183594,"z":-13.376861572265625},"rotation":{"x":-0.033306367695331576,"y":-0.0009010036010295153,"z":0.00006973864219617099,"w":-0.9995211362838745},"size":274.5697937011719,"orthographic":false}