{"cameraMode":{"drawMode":0,"name":"Shaded","section":"Shading Mode"},"sceneLighting":true,"audioPlay":false,"sceneViewState":{"m_AlwaysRefresh":false,"showFog":true,"showSkybox":true,"showFlares":true,"showImageEffects":true,"showParticleSystems":true,"showVisualEffectGraphs":true,"m_FxEnabled":true},"in2DMode":false,"pivot":{"x":16.732946395874025,"y":6.424483299255371,"z":5.435568809509277},"rotation":{"x":-0.42848291993141177,"y":0.010031618177890778,"z":-0.004745675250887871,"w":-0.9035567045211792},"size":29.695960998535158,"orthographic":false}