{"cameraMode":{"drawMode":0,"name":"Shaded","section":"Shading Mode"},"sceneLighting":true,"audioPlay":false,"sceneViewState":{"m_AlwaysRefresh":false,"showFog":true,"showSkybox":true,"showFlares":true,"showImageEffects":true,"showParticleSystems":true,"showVisualEffectGraphs":true,"m_FxEnabled":true},"in2DMode":false,"pivot":{"x":0.061417751014232638,"y":0.06456021964550019,"z":-0.041316524147987369},"rotation":{"x":-0.2972622811794281,"y":-0.0008573643281124532,"z":0.0002861463581211865,"w":-0.954844057559967},"size":0.9951066374778748,"orthographic":false}