{"cameraMode":{"drawMode":0,"name":"Shaded","section":"Shading Mode"},"sceneLighting":true,"audioPlay":false,"sceneViewState":{"m_AlwaysRefresh":false,"showFog":true,"showSkybox":true,"showFlares":true,"showImageEffects":true,"showParticleSystems":true,"showVisualEffectGraphs":true,"m_FxEnabled":true},"in2DMode":false,"pivot":{"x":525.5140380859375,"y":345.6759338378906,"z":-55.237274169921878},"rotation":{"x":-0.02281145006418228,"y":0.003597778268158436,"z":-0.0000032091450066218387,"w":-0.9998822212219238},"size":496.7269592285156,"orthographic":false}