{"cameraMode":{"drawMode":0,"name":"Shaded","section":"Shading Mode"},"sceneLighting":true,"audioPlay":false,"sceneViewState":{"m_AlwaysRefresh":false,"showFog":true,"showSkybox":true,"showFlares":true,"showImageEffects":true,"showParticleSystems":true,"showVisualEffectGraphs":true,"m_FxEnabled":true},"in2DMode":false,"pivot":{"x":12.787805557250977,"y":41.36702346801758,"z":-14.993247985839844},"rotation":{"x":-0.033306367695331576,"y":-0.0009010036010295153,"z":0.00006973864219617099,"w":-0.9995211362838745},"size":45.097618103027347,"orthographic":false}